email_id,rouge1,rouge2,rougeL
H001,0.6122448979591837,0.3829787234042553,0.5714285714285714
H021,0.45454545454545453,0.18750000000000003,0.33333333333333337
H041,0.5396825396825397,0.42622950819672134,0.5079365079365079
H061,0.45614035087719296,0.21818181818181814,0.3157894736842105
H081,0.1951219512195122,0.0,0.0975609756097561
H101,0.4666666666666666,0.27586206896551724,0.33333333333333326
H121,0.6779661016949152,0.5263157894736842,0.6101694915254237
H141,0.6046511627906976,0.43902439024390244,0.6046511627906976
H161,0.49056603773584906,0.2745098039215686,0.3396226415094339
H181,0.4680851063829788,0.2666666666666666,0.42553191489361697
H201,0.3125,0.19999999999999998,0.3125
H221,0.4,0.15789473684210525,0.3
H241,0.6296296296296297,0.46153846153846156,0.5925925925925926
M051,0.29411764705882354,0.18750000000000003,0.23529411764705882
M101,0.30434782608695654,0.045454545454545456,0.26086956521739135
M151,0.4736842105263158,0.33333333333333337,0.4210526315789474
M201,0.4390243902439025,0.41025641025641024,0.4390243902439025
L001,0.1,0.0,0.05
L101,0.10000000000000002,0.0,0.10000000000000002
L201,0.2105263157894737,0.11764705882352941,0.2105263157894737
